Time,Error,P,I-Accumulator,D,Output,Input,Target
1625129012066,0,0,0,0,0,0,0
1625129012077,0,0,0,0,0,0,0
1625129012087,0,0,0,0,0,0,0
1625129012097,0,0,0,0,0,0,0
1625129012108,0,0,0,0,0,0,0
1625129012118,0,0,0,0,0,0,0
1625129012128,0,0,0,0,0,0,0
1625129012139,0,0,0,0,0,0,0
1625129012149,0,0,0,0,0,0,0
1625129012160,0,0,0,0,0,0,0
1625129012170,0,0,0,0,0,0,0
1625129012180,0,0,0,0,0,0,0
1625129012191,0,0,0,0,0,0,0
1625129012201,0,0,0,0,0,0,0
1625129012211,0,0,0,0,0,0,0
1625129012222,0,0,0,0,0,0,0
1625129012232,0,0,0,0,0,0,0
1625129012243,0,0,0,0,0,0,0
1625129012253,0,0,0,0,0,0,0
1625129012263,0,0,0,0,0,0,0
1625129012274,0,0,0,0,0,0,0
1625129012284,0,0,0,0,0,0,0
1625129012294,0,0,0,0,0,0,0
1625129012305,0,0,0,0,0,0,0
1625129012315,0,0,0,0,0,0,0
1625129012325,0,0,0,0,0,0,0
1625129012336,0,0,0,0,0,0,0
1625129012346,0,0,0,0,0,0,0
1625129012356,0,0,0,0,0,0,0
1625129012367,0,0,0,0,0,0,0
1625129012377,0,0,0,0,0,0,0
1625129012388,0,0,0,0,0,0,0
1625129012398,0,0,0,0,0,0,0
1625129012408,0,0,0,0,0,0,0
1625129012419,0,0,0,0,0,0,0
1625129012429,0,0,0,0,0,0,0
1625129012439,0,0,0,0,0,0,0
1625129012450,0,0,0,0,0,0,0
1625129012460,0,0,0,0,0,0,0
1625129012470,0,0,0,0,0,0,0
1625129012481,0,0,0,0,0,0,0
1625129012491,0,0,0,0,0,0,0
1625129012502,0,0,0,0,0,0,0
1625129012512,0,0,0,0,0,0,0
1625129012522,0,0,0,0,0,0,0
1625129012533,0,0,0,0,0,0,0
1625129012543,0,0,0,0,0,0,0
1625129012553,0,0,0,0,0,0,0
1625129012564,0,0,0,0,0,0,0
1625129012574,0,0,0,0,0,0,0
1625129012584,0,0,0,0,0,0,0
1625129012595,0,0,0,0,0,0,0
1625129012605,0,0,0,0,0,0,0
1625129012616,0,0,0,0,0,0,0
1625129012626,0,0,0,0,0,0,0
1625129012636,0,0,0,0,0,0,0
1625129012647,0,0,0,0,0,0,0
1625129012657,0,0,0,0,0,0,0
1625129012667,0,0,0,0,0,0,0
1625129012678,0,0,0,0,0,0,0
1625129012688,0,0,0,0,0,0,0
1625129012698,0,0,0,0,0,0,0
1625129012709,0,0,0,0,0,0,0
1625129012719,0,0,0,0,0,0,0
1625129012730,0,0,0,0,0,0,0
1625129012740,0,0,0,0,0,0,0
1625129012750,0,0,0,0,0,0,0
1625129012761,0,0,0,0,0,0,0
1625129012771,0,0,0,0,0,0,0
1625129012781,0,0,0,0,0,0,0
1625129012792,0,0,0,0,0,0,0
1625129012802,0,0,0,0,0,0,0
1625129012812,0,0,0,0,0,0,0
1625129012823,0,0,0,0,0,0,0
1625129012833,0,0,0,0,0,0,0
1625129012843,0,0,0,0,0,0,0
1625129012854,0,0,0,0,0,0,0
1625129012864,0,0,0,0,0,0,0
1625129012875,0,0,0,0,0,0,0
1625129012885,0,0,0,0,0,0,0
1625129012895,0,0,0,0,0,0,0
1625129012906,0,0,0,0,0,0,0
1625129012916,0,0,0,0,0,0,0
1625129012926,0,0,0,0,0,0,0
1625129012937,0,0,0,0,0,0,0
1625129012947,0,0,0,0,0,0,0
1625129012957,0,0,0,0,0,0,0
1625129012968,0,0,0,0,0,0,0
1625129012978,0,0,0,0,0,0,0
1625129012989,0,0,0,0,0,0,0
1625129012999,0,0,0,0,0,0,0
1625129013009,0,0,0,0,0,0,0
1625129013020,0,0,0,0,0,0,0
1625129013030,0,0,0,0,0,0,0
1625129013040,0,0,0,0,0,0,0
1625129013051,0,0,0,0,0,0,0
1625129013061,0,0,0,0,0,0,0
1625129013071,0,0,0,0,0,0,0
1625129013082,0,0,0,0,0,0,0
1625129013092,0,0,0,0,0,0,0
1625129013102,0,0,0,0,0,0,0
1625129013113,0,0,0,0,0,0,0
1625129013124,0,0,0,0,0,0,0
1625129013135,0,0,0,0,0,0,0
1625129013146,0,0,0,0,0,0,0
1625129013156,0,0,0,0,0,0,0
1625129013167,0,0,0,0,0,0,0
1625129013178,0,0,0,0,0,0,0
1625129013189,0,0,0,0,0,0,0
1625129013200,0,0,0,0,0,0,0
1625129013211,0,0,0,0,0,0,0
1625129013221,0,0,0,0,0,0,0
1625129013232,0,0,0,0,0,0,0
1625129013243,0,0,0,0,0,0,0
1625129013254,0,0,0,0,0,0,0
1625129013264,0,0,0,0,0,0,0
1625129013275,0,0,0,0,0,0,0
1625129013286,0,0,0,0,0,0,0
1625129013296,0,0,0,0,0,0,0
1625129013307,0,0,0,0,0,0,0
1625129013318,0,0,0,0,0,0,0
1625129013329,0,0,0,0,0,0,0
1625129013339,0,0,0,0,0,0,0
1625129013350,0,0,0,0,0,0,0
1625129013361,0,0,0,0,0,0,0
1625129013372,0,0,0,0,0,0,0
1625129013382,0,0,0,0,0,0,0
1625129013393,0,0,0,0,0,0,0
1625129013404,0,0,0,0,0,0,0
1625129013414,0,0,0,0,0,0,0
1625129013425,0,0,0,0,0,0,0
1625129013436,0,0,0,0,0,0,0
1625129013447,0,0,0,0,0,0,0
1625129013457,0,0,0,0,0,0,0
1625129013468,0,0,0,0,0,0,0
1625129013479,0,0,0,0,0,0,0
1625129013489,0,0,0,0,0,0,0
1625129013500,0,0,0,0,0,0,0
1625129013511,0,0,0,0,0,0,0
1625129013522,0,0,0,0,0,0,0
1625129013532,0,0,0,0,0,0,0
1625129013543,0,0,0,0,0,0,0
1625129013554,0,0,0,0,0,0,0
1625129013565,0,0,0,0,0,0,0
1625129013575,0,0,0,0,0,0,0
1625129013586,0,0,0,0,0,0,0
1625129013597,0,0,0,0,0,0,0
1625129013607,0,0,0,0,0,0,0
1625129013618,0,0,0,0,0,0,0
1625129013629,0,0,0,0,0,0,0
1625129013640,0,0,0,0,0,0,0
1625129013650,0,0,0,0,0,0,0
1625129013661,0,0,0,0,0,0,0
1625129013672,0,0,0,0,0,0,0
1625129013683,0,0,0,0,0,0,0
1625129013693,0,0,0,0,0,0,0
1625129013704,0,0,0,0,0,0,0
1625129013715,0,0,0,0,0,0,0
1625129013725,0,0,0,0,0,0,0
1625129013736,0,0,0,0,0,0,0
1625129013747,0,0,0,0,0,0,0
1625129013758,0,0,0,0,0,0,0
1625129013768,0,0,0,0,0,0,0
1625129013779,0,0,0,0,0,0,0
1625129013790,0,0,0,0,0,0,0
1625129013800,0,0,0,0,0,0,0
1625129013811,0,0,0,0,0,0,0
1625129013822,0,0,0,0,0,0,0
1625129013833,0,0,0,0,0,0,0
1625129013843,0,0,0,0,0,0,0
1625129013854,0,0,0,0,0,0,0
1625129013865,0,0,0,0,0,0,0
1625129013875,0,0,0,0,0,0,0
1625129013886,0,0,0,0,0,0,0
1625129013897,0,0,0,0,0,0,0
1625129013908,0,0,0,0,0,0,0
1625129013918,0,0,0,0,0,0,0
1625129013929,0,0,0,0,0,0,0
1625129013940,0,0,0,0,0,0,0
1625129013951,0,0,0,0,0,0,0
1625129013961,0,0,0,0,0,0,0
1625129013972,0,0,0,0,0,0,0
1625129013983,0,0,0,0,0,0,0
1625129013993,0,0,0,0,0,0,0
1625129014004,0,0,0,0,0,0,0
1625129014015,0,0,0,0,0,0,0
1625129014026,0,0,0,0,0,0,0
1625129014036,0,0,0,0,0,0,0
1625129014047,0,0,0,0,0,0,0
1625129014058,0,0,0,0,0,0,0
1625129014068,0,0,0,0,0,0,0
1625129014079,0,0,0,0,0,0,0
1625129014090,0,0,0,0,0,0,0
1625129014101,0,0,0,0,0,0,0
1625129014111,0,0,0,0,0,0,0
1625129014122,0,0,0,0,0,0,0
1625129014133,0,0,0,0,0,0,0
1625129014144,0,0,0,0,0,0,0
1625129014154,0,0,0,0,0,0,0
1625129014165,0,0,0,0,0,0,0
1625129014176,0,0,0,0,0,0,0
1625129014186,0,0,0,0,0,0,0
1625129014197,0,0,0,0,0,0,0
1625129014208,0,0,0,0,0,0,0
1625129014219,0,0,0,0,0,0,0
1625129014229,0,0,0,0,0,0,0
1625129014240,0,0,0,0,0,0,0
1625129014251,0,0,0,0,0,0,0
1625129014262,0,0,0,0,0,0,0
1625129014273,0,0,0,0,0,0,0
1625129014283,0,0,0,0,0,0,0
1625129014294,0,0,0,0,0,0,0
1625129014305,0,0,0,0,0,0,0
1625129014316,0,0,0,0,0,0,0
1625129014326,0,0,0,0,0,0,0
1625129014337,0,0,0,0,0,0,0
1625129014348,0,0,0,0,0,0,0
1625129014359,0,0,0,0,0,0,0
1625129014369,0,0,0,0,0,0,0
1625129014380,0,0,0,0,0,0,0
1625129014391,0,0,0,0,0,0,0
1625129014401,0,0,0,0,0,0,0
1625129014412,0,0,0,0,0,0,0
1625129014423,0,0,0,0,0,0,0
1625129014434,0,0,0,0,0,0,0
1625129014444,0,0,0,0,0,0,0
1625129014455,0,0,0,0,0,0,0
1625129014466,0,0,0,0,0,0,0
1625129014476,0,0,0,0,0,0,0
1625129014487,0,0,0,0,0,0,0
1625129014498,0,0,0,0,0,0,0
1625129014509,0,0,0,0,0,0,0
1625129014519,0,0,0,0,0,0,0
1625129014530,0,0,0,0,0,0,0
1625129014541,0,0,0,0,0,0,0
1625129014552,0,0,0,0,0,0,0
1625129014562,0,0,0,0,0,0,0
1625129014573,0,0,0,0,0,0,0
1625129014584,0,0,0,0,0,0,0
1625129014594,0,0,0,0,0,0,0
1625129014605,0,0,0,0,0,0,0
1625129014616,0,0,0,0,0,0,0
1625129014627,0,0,0,0,0,0,0
1625129014637,0,0,0,0,0,0,0
1625129014648,0,0,0,0,0,0,0
1625129014659,0,0,0,0,0,0,0
1625129014669,0,0,0,0,0,0,0
1625129014680,0,0,0,0,0,0,0
1625129014691,0,0,0,0,0,0,0
1625129014702,0,0,0,0,0,0,0
1625129014712,0,0,0,0,0,0,0
1625129014723,0,0,0,0,0,0,0
1625129014734,0,0,0,0,0,0,0
1625129014744,0,0,0,0,0,0,0
1625129014755,0,0,0,0,0,0,0
1625129014766,0,0,0,0,0,0,0
1625129014777,0,0,0,0,0,0,0
1625129014787,0,0,0,0,0,0,0
1625129014798,0,0,0,0,0,0,0
1625129014809,0,0,0,0,0,0,0
1625129014819,0,0,0,0,0,0,0
1625129014830,0,0,0,0,0,0,0
1625129014841,0,0,0,0,0,0,0
1625129014852,0,0,0,0,0,0,0
1625129014862,0,0,0,0,0,0,0
1625129014873,0,0,0,0,0,0,0
1625129014884,0,0,0,0,0,0,0
1625129014895,0,0,0,0,0,0,0
1625129014905,0,0,0,0,0,0,0
1625129014916,0,0,0,0,0,0,0
1625129014927,0,0,0,0,0,0,0
1625129014937,0,0,0,0,0,0,0
1625129014948,0,0,0,0,0,0,0
1625129014959,0,0,0,0,0,0,0
1625129014970,0,0,0,0,0,0,0
1625129014980,0,0,0,0,0,0,0
1625129014991,0,0,0,0,0,0,0
1625129015002,0,0,0,0,0,0,0
1625129015012,0,0,0,0,0,0,0
1625129015023,0,0,0,0,0,0,0
1625129015034,0,0,0,0,0,0,0
1625129015045,0,0,0,0,0,0,0
1625129015055,0,0,0,0,0,0,0
1625129015066,0,0,0,0,0,0,0
1625129015077,0,0,0,0,0,0,0
1625129015088,0,0,0,0,0,0,0
1625129015098,0,0,0,0,0,0,0
1625129015109,0,0,0,0,0,0,0
1625129015120,0,0,0,0,0,0,0
1625129015130,0,0,0,0,0,0,0
1625129015141,0,0,0,0,0,0,0
1625129015152,0,0,0,0,0,0,0
1625129015163,0,0,0,0,0,0,0
1625129015173,0,0,0,0,0,0,0
1625129015184,0,0,0,0,0,0,0
1625129015195,0,0,0,0,0,0,0
1625129015206,0,0,0,0,0,0,0
1625129015216,0,0,0,0,0,0,0
1625129015227,0,0,0,0,0,0,0
1625129015238,0,0,0,0,0,0,0
1625129015249,0,0,0,0,0,0,0
1625129015259,0,0,0,0,0,0,0
1625129015270,0,0,0,0,0,0,0
1625129015281,0,0,0,0,0,0,0
1625129015292,0,0,0,0,0,0,0
1625129015303,0,0,0,0,0,0,0
1625129015313,0,0,0,0,0,0,0
1625129015324,0,0,0,0,0,0,0
1625129015335,0,0,0,0,0,0,0
1625129015345,0,0,0,0,0,0,0
1625129015356,0,0,0,0,0,0,0
1625129015367,0,0,0,0,0,0,0
1625129015378,0,0,0,0,0,0,0
1625129015389,0,0,0,0,0,0,0
1625129015399,0,0,0,0,0,0,0
1625129015410,0,0,0,0,0,0,0
1625129015421,0,0,0,0,0,0,0
1625129015432,0,0,0,0,0,0,0
1625129015442,0,0,0,0,0,0,0
1625129015453,0,0,0,0,0,0,0
1625129015464,0,0,0,0,0,0,0
1625129015475,0,0,0,0,0,0,0
1625129015485,0,0,0,0,0,0,0
1625129015496,0,0,0,0,0,0,0
1625129015507,0,0,0,0,0,0,0
1625129015518,0,0,0,0,0,0,0
1625129015528,0,0,0,0,0,0,0
1625129015539,0,0,0,0,0,0,0
1625129015550,0,0,0,0,0,0,0
1625129015561,0,0,0,0,0,0,0
1625129015571,0,0,0,0,0,0,0
1625129015582,0,0,0,0,0,0,0
1625129015593,0,0,0,0,0,0,0
1625129015604,0,0,0,0,0,0,0
1625129015614,0,0,0,0,0,0,0
1625129015625,0,0,0,0,0,0,0
1625129015636,0,0,0,0,0,0,0
1625129015647,0,0,0,0,0,0,0
1625129015657,0,0,0,0,0,0,0
1625129015668,0,0,0,0,0,0,0
1625129015679,0,0,0,0,0,0,0
1625129015690,0,0,0,0,0,0,0
1625129015700,0,0,0,0,0,0,0
1625129015711,0,0,0,0,0,0,0
1625129015722,0,0,0,0,0,0,0
1625129015733,0,0,0,0,0,0,0
1625129015743,0,0,0,0,0,0,0
1625129015754,0,0,0,0,0,0,0
1625129015765,0,0,0,0,0,0,0
1625129015776,0,0,0,0,0,0,0
1625129015786,0,0,0,0,0,0,0
1625129015797,0,0,0,0,0,0,0
1625129015808,0,0,0,0,0,0,0
1625129015819,0,0,0,0,0,0,0
1625129015829,0,0,0,0,0,0,0
1625129015840,0,0,0,0,0,0,0
1625129015851,0,0,0,0,0,0,0
1625129015862,0,0,0,0,0,0,0
1625129015872,0,0,0,0,0,0,0
1625129015883,0,0,0,0,0,0,0
1625129015894,0,0,0,0,0,0,0
1625129015905,0,0,0,0,0,0,0
1625129015915,0,0,0,0,0,0,0
1625129015926,0,0,0,0,0,0,0
1625129015937,0,0,0,0,0,0,0
1625129015948,0,0,0,0,0,0,0
1625129015958,0,0,0,0,0,0,0
1625129015969,0,0,0,0,0,0,0
1625129015980,0,0,0,0,0,0,0
1625129015991,0,0,0,0,0,0,0
1625129016001,0,0,0,0,0,0,0
1625129016012,0,0,0,0,0,0,0
1625129016023,0,0,0,0,0,0,0
1625129016034,0,0,0,0,0,0,0
1625129016044,0,0,0,0,0,0,0
1625129016055,0,0,0,0,0,0,0
1625129016066,0,0,0,0,0,0,0
1625129016076,0,0,0,0,0,0,0
1625129016087,0,0,0,0,0,0,0
1625129016098,0,0,0,0,0,0,0
1625129016109,0,0,0,0,0,0,0
1625129016120,0,0,0,0,0,0,0
1625129016130,0,0,0,0,0,0,0
1625129016141,0,0,0,0,0,0,0
1625129016152,0,0,0,0,0,0,0
1625129016163,0,0,0,0,0,0,0
1625129016173,0,0,0,0,0,0,0
1625129016184,0,0,0,0,0,0,0
1625129016195,0,0,0,0,0,0,0
1625129016326,0,0,0,0,0,0,0
1625129016337,0,0,0,0,0,0,0
1625129016348,0,0,0,0,0,0,0
1625129016359,0,0,0,0,0,0,0
1625129016370,0,0,0,0,0,0,0
1625129016380,0,0,0,0,0,0,0
1625129016391,0,0,0,0,0,0,0
1625129016402,0,0,0,0,0,0,0
1625129016413,0,0,0,0,0,0,0
1625129016424,0,0,0,0,0,0,0
1625129016434,0,0,0,0,0,0,0
1625129016445,0,0,0,0,0,0,0
1625129016456,0,0,0,0,0,0,0
1625129016467,0,0,0,0,0,0,0
1625129016477,0,0,0,0,0,0,0
1625129016488,0,0,0,0,0,0,0
1625129016499,0,0,0,0,0,0,0
1625129016510,0,0,0,0,0,0,0
1625129016520,0,0,0,0,0,0,0
1625129016531,0,0,0,0,0,0,0
1625129016542,0,0,0,0,0,0,0
1625129016553,0,0,0,0,0,0,0
1625129016563,0,0,0,0,0,0,0
1625129016574,0,0,0,0,0,0,0
1625129016585,0,0,0,0,0,0,0
1625129016596,0,0,0,0,0,0,0
1625129016606,0,0,0,0,0,0,0
1625129016617,0,0,0,0,0,0,0
1625129016628,0,0,0,0,0,0,0
1625129016639,0,0,0,0,0,0,0
1625129016649,0,0,0,0,0,0,0
1625129016660,0,0,0,0,0,0,0
1625129016671,0,0,0,0,0,0,0
1625129016682,0,0,0,0,0,0,0
1625129016692,0,0,0,0,0,0,0
1625129016703,0,0,0,0,0,0,0
1625129016714,0,0,0,0,0,0,0
1625129016725,0,0,0,0,0,0,0
1625129016735,0,0,0,0,0,0,0
1625129016746,0,0,0,0,0,0,0
1625129016757,0,0,0,0,0,0,0
1625129016768,0,0,0,0,0,0,0
1625129016778,0,0,0,0,0,0,0
1625129016789,0,0,0,0,0,0,0
1625129016800,0,0,0,0,0,0,0
1625129016811,0,0,0,0,0,0,0
1625129016821,0,0,0,0,0,0,0
1625129016832,0,0,0,0,0,0,0
1625129016843,0,0,0,0,0,0,0
1625129016854,0,0,0,0,0,0,0
1625129016864,0,0,0,0,0,0,0
1625129016875,0,0,0,0,0,0,0
1625129016886,0,0,0,0,0,0,0
1625129016897,0,0,0,0,0,0,0
1625129016907,0,0,0,0,0,0,0
1625129016918,0,0,0,0,0,0,0
1625129016929,0,0,0,0,0,0,0
1625129016940,0,0,0,0,0,0,0
1625129016950,0,0,0,0,0,0,0
1625129016961,0,0,0,0,0,0,0
1625129016972,0,0,0,0,0,0,0
1625129016983,0,0,0,0,0,0,0
1625129016993,0,0,0,0,0,0,0
1625129017004,0,0,0,0,0,0,0
1625129017015,0,0,0,0,0,0,0
1625129017026,0,0,0,0,0,0,0
1625129017036,0,0,0,0,0,0,0
1625129017047,0,0,0,0,0,0,0
1625129017058,0,0,0,0,0,0,0
1625129017069,0,0,0,0,0,0,0
1625129017079,0,0,0,0,0,0,0
1625129017090,0,0,0,0,0,0,0
1625129017101,0,0,0,0,0,0,0
1625129017112,0,0,0,0,0,0,0
1625129017122,0,0,0,0,0,0,0
1625129017133,0,0,0,0,0,0,0
1625129017144,0,0,0,0,0,0,0
1625129017155,0,0,0,0,0,0,0
1625129017165,0,0,0,0,0,0,0
1625129017176,0,0,0,0,0,0,0
1625129017187,0,0,0,0,0,0,0
1625129017198,0,0,0,0,0,0,0
1625129017208,0,0,0,0,0,0,0
1625129017219,0,0,0,0,0,0,0
1625129017230,0,0,0,0,0,0,0
1625129017241,0,0,0,0,0,0,0
1625129017251,0,0,0,0,0,0,0
1625129017262,0,0,0,0,0,0,0
1625129017273,0,0,0,0,0,0,0
1625129017284,0,0,0,0,0,0,0
1625129017294,0,0,0,0,0,0,0
1625129017305,0,0,0,0,0,0,0
1625129017316,0,0,0,0,0,0,0
1625129017327,0,0,0,0,0,0,0
1625129017337,0,0,0,0,0,0,0
1625129017348,0,0,0,0,0,0,0
1625129017359,0,0,0,0,0,0,0
1625129017370,0,0,0,0,0,0,0
1625129017381,0,0,0,0,0,0,0
1625129017391,0,0,0,0,0,0,0
1625129017402,0,0,0,0,0,0,0
1625129017413,0,0,0,0,0,0,0
1625129017424,0,0,0,0,0,0,0
1625129017434,0,0,0,0,0,0,0
1625129017445,0,0,0,0,0,0,0
1625129017456,0,0,0,0,0,0,0
1625129017467,0,0,0,0,0,0,0
1625129017477,0,0,0,0,0,0,0
1625129017488,0,0,0,0,0,0,0
1625129017499,0,0,0,0,0,0,0
1625129017509,0,0,0,0,0,0,0
1625129017520,0,0,0,0,0,0,0
1625129017531,0,0,0,0,0,0,0
1625129017542,0,0,0,0,0,0,0
1625129017552,0,0,0,0,0,0,0
1625129017563,0,0,0,0,0,0,0
1625129017574,0,0,0,0,0,0,0
1625129017585,0,0,0,0,0,0,0
1625129017595,0,0,0,0,0,0,0
1625129017606,0,0,0,0,0,0,0
1625129017617,0,0,0,0,0,0,0
1625129017628,0,0,0,0,0,0,0
1625129017639,0,0,0,0,0,0,0
1625129017649,0,0,0,0,0,0,0
1625129017660,0,0,0,0,0,0,0
1625129017671,0,0,0,0,0,0,0
1625129017681,0,0,0,0,0,0,0
1625129017692,0,0,0,0,0,0,0
1625129017703,0,0,0,0,0,0,0
1625129017714,0,0,0,0,0,0,0
1625129017724,0,0,0,0,0,0,0
1625129017735,0,0,0,0,0,0,0
1625129017746,0,0,0,0,0,0,0
1625129017757,0,0,0,0,0,0,0
1625129017768,0,0,0,0,0,0,0
1625129017778,0,0,0,0,0,0,0
1625129017789,0,0,0,0,0,0,0
1625129017800,0,0,0,0,0,0,0
1625129017811,0,0,0,0,0,0,0
1625129017821,0,0,0,0,0,0,0
1625129017832,0,0,0,0,0,0,0
1625129017843,0,0,0,0,0,0,0
1625129017853,0,0,0,0,0,0,0
1625129017864,0,0,0,0,0,0,0
1625129017875,0,0,0,0,0,0,0
1625129017886,0,0,0,0,0,0,0
1625129017896,0,0,0,0,0,0,0
1625129017907,0,0,0,0,0,0,0
1625129017918,0,0,0,0,0,0,0
1625129017929,0,0,0,0,0,0,0
1625129017940,0,0,0,0,0,0,0
1625129017950,0,0,0,0,0,0,0
1625129017961,0,0,0,0,0,0,0
1625129017972,0,0,0,0,0,0,0
1625129017983,0,0,0,0,0,0,0
1625129017993,0,0,0,0,0,0,0
1625129018004,0,0,0,0,0,0,0
1625129018015,0,0,0,0,0,0,0
1625129018026,0,0,0,0,0,0,0
1625129018036,0,0,0,0,0,0,0
1625129018047,0,0,0,0,0,0,0
1625129018058,0,0,0,0,0,0,0
1625129018069,0,0,0,0,0,0,0
1625129018079,0,0,0,0,0,0,0
1625129018090,0,0,0,0,0,0,0
1625129018101,0,0,0,0,0,0,0
1625129018112,0,0,0,0,0,0,0
1625129018122,0,0,0,0,0,0,0
1625129018133,0,0,0,0,0,0,0
1625129018144,0,0,0,0,0,0,0
1625129018155,0,0,0,0,0,0,0
1625129018165,0,0,0,0,0,0,0
1625129018176,0,0,0,0,0,0,0
1625129018187,0,0,0,0,0,0,0
1625129018198,0,0,0,0,0,0,0
1625129018208,0,0,0,0,0,0,0
1625129018219,0,0,0,0,0,0,0
1625129018230,0,0,0,0,0,0,0
1625129018241,0,0,0,0,0,0,0
1625129018251,0,0,0,0,0,0,0
1625129018262,0,0,0,0,0,0,0
1625129018273,0,0,0,0,0,0,0
1625129018284,0,0,0,0,0,0,0
1625129018294,0,0,0,0,0,0,0
1625129018305,0,0,0,0,0,0,0
1625129018316,0,0,0,0,0,0,0
1625129018326,0,0,0,0,0,0,0
1625129018337,0,0,0,0,0,0,0
1625129018349,0,0,0,0,0,0,0
1625129018359,0,0,0,0,0,0,0
1625129018370,0,0,0,0,0,0,0
1625129018381,0,0,0,0,0,0,0
1625129018392,0,0,0,0,0,0,0
1625129018403,0,0,0,0,0,0,0
1625129018414,0,0,0,0,0,0,0
1625129018425,0,0,0,0,0,0,0
1625129018436,0,0,0,0,0,0,0
1625129018448,0,0,0,0,0,0,0
1625129018459,0,0,0,0,0,0,0
1625129018470,0,0,0,0,0,0,0
1625129018481,0,0,0,0,0,0,0
1625129018492,0,0,0,0,0,0,0
1625129018503,0,0,0,0,0,0,0
1625129018514,0,0,0,0,0,0,0
1625129018525,0,0,0,0,0,0,0
1625129018536,0,0,0,0,0,0,0
1625129018547,0,0,0,0,0,0,0
1625129018558,0,0,0,0,0,0,0
1625129018569,0,0,0,0,0,0,0
1625129018580,0,0,0,0,0,0,0
1625129018592,0,0,0,0,0,0,0
1625129018603,0,0,0,0,0,0,0
1625129018614,0,0,0,0,0,0,0
1625129018625,0,0,0,0,0,0,0
1625129018636,0,0,0,0,0,0,0
1625129018647,0,0,0,0,0,0,0
1625129018658,0,0,0,0,0,0,0
1625129018669,0,0,0,0,0,0,0
1625129018680,0,0,0,0,0,0,0
1625129018691,0,0,0,0,0,0,0
1625129018702,0,0,0,0,0,0,0
1625129018713,0,0,0,0,0,0,0
1625129018725,0,0,0,0,0,0,0
1625129018736,0,0,0,0,0,0,0
1625129018747,0,0,0,0,0,0,0
1625129018758,0,0,0,0,0,0,0
1625129018769,0,0,0,0,0,0,0
1625129018780,0,0,0,0,0,0,0
1625129018792,0,0,0,0,0,0,0
1625129018803,0,0,0,0,0,0,0
1625129018814,0,0,0,0,0,0,0
1625129018825,0,0,0,0,0,0,0
1625129018836,0,0,0,0,0,0,0
1625129018847,0,0,0,0,0,0,0
1625129018858,0,0,0,0,0,0,0
1625129018869,0,0,0,0,0,0,0
1625129018880,0,0,0,0,0,0,0
1625129018892,0,0,0,0,0,0,0
1625129018903,0,0,0,0,0,0,0
1625129018914,0,0,0,0,0,0,0
1625129018925,0,0,0,0,0,0,0
1625129018936,0,0,0,0,0,0,0
1625129018948,0,0,0,0,0,0,0
1625129018959,0,0,0,0,0,0,0
1625129018970,0,0,0,0,0,0,0
1625129018981,0,0,0,0,0,0,0
1625129018992,0,0,0,0,0,0,0
1625129019003,0,0,0,0,0,0,0
1625129019014,0,0,0,0,0,0,0
1625129019025,0,0,0,0,0,0,0
1625129019036,0,0,0,0,0,0,0
1625129019047,0,0,0,0,0,0,0
1625129019058,0,0,0,0,0,0,0
1625129019070,0,0,0,0,0,0,0
1625129019081,0,0,0,0,0,0,0
1625129019092,0,0,0,0,0,0,0
1625129019103,0,0,0,0,0,0,0
1625129019114,0,0,0,0,0,0,0
1625129019125,0,0,0,0,0,0,0
1625129019136,0,0,0,0,0,0,0
1625129019147,0,0,0,0,0,0,0
1625129019158,0,0,0,0,0,0,0
1625129019169,0,0,0,0,0,0,0
1625129019180,0,0,0,0,0,0,0
1625129019192,0,0,0,0,0,0,0
1625129019203,0,0,0,0,0,0,0
1625129019214,0,0,0,0,0,0,0
1625129019225,0,0,0,0,0,0,0
1625129019236,0,0,0,0,0,0,0
1625129019247,0,0,0,0,0,0,0
1625129019258,0,0,0,0,0,0,0
1625129019269,0,0,0,0,0,0,0
1625129019280,0,0,0,0,0,0,0
1625129019291,0,0,0,0,0,0,0
1625129019302,0,0,0,0,0,0,0
1625129019313,0,0,0,0,0,0,0
1625129019324,0,0,0,0,0,0,0
1625129019335,0,0,0,0,0,0,0
1625129019347,0,0,0,0,0,0,0
1625129019358,0,0,0,0,0,0,0
1625129019369,0,0,0,0,0,0,0
1625129019380,0,0,0,0,0,0,0
1625129019391,0,0,0,0,0,0,0
1625129019402,0,0,0,0,0,0,0
1625129019413,0,0,0,0,0,0,0
1625129019424,0,0,0,0,0,0,0
1625129019435,0,0,0,0,0,0,0
1625129019446,0,0,0,0,0,0,0
1625129019458,0,0,0,0,0,0,0
1625129019469,0,0,0,0,0,0,0
1625129019480,0,0,0,0,0,0,0
1625129019491,0,0,0,0,0,0,0
1625129019502,0,0,0,0,0,0,0
1625129019513,0,0,0,0,0,0,0
1625129019524,0,0,0,0,0,0,0
1625129019535,0,0,0,0,0,0,0
1625129019546,0,0,0,0,0,0,0
1625129019557,0,0,0,0,0,0,0
1625129019569,0,0,0,0,0,0,0
1625129019580,0,0,0,0,0,0,0
1625129019591,0,0,0,0,0,0,0
1625129019602,0,0,0,0,0,0,0
1625129019613,0,0,0,0,0,0,0
1625129019624,0,0,0,0,0,0,0
1625129019635,0,0,0,0,0,0,0
1625129019646,0,0,0,0,0,0,0
1625129019658,0,0,0,0,0,0,0
1625129019669,0,0,0,0,0,0,0
1625129019680,0,0,0,0,0,0,0
1625129019691,0,0,0,0,0,0,0
1625129019702,0,0,0,0,0,0,0
1625129019713,0,0,0,0,0,0,0
1625129019724,0,0,0,0,0,0,0
1625129019736,0,0,0,0,0,0,0
1625129019747,0,0,0,0,0,0,0
1625129019758,0,0,0,0,0,0,0
1625129019769,0,0,0,0,0,0,0
1625129019780,0,0,0,0,0,0,0
1625129019791,0,0,0,0,0,0,0
1625129019802,0,0,0,0,0,0,0
1625129019813,0,0,0,0,0,0,0
1625129019825,0,0,0,0,0,0,0
1625129019836,0,0,0,0,0,0,0
1625129019847,0,0,0,0,0,0,0
1625129019858,0,0,0,0,0,0,0
1625129019869,0,0,0,0,0,0,0
1625129019880,0,0,0,0,0,0,0
1625129019891,0,0,0,0,0,0,0
1625129019902,0,0,0,0,0,0,0
1625129019913,0,0,0,0,0,0,0
1625129019924,0,0,0,0,0,0,0
1625129019935,0,0,0,0,0,0,0
1625129019946,0,0,0,0,0,0,0
1625129019957,0,0,0,0,0,0,0
1625129019969,0,0,0,0,0,0,0
1625129019980,0,0,0,0,0,0,0
1625129019991,0,0,0,0,0,0,0
1625129020002,0,0,0,0,0,0,0
1625129020013,0,0,0,0,0,0,0
1625129020024,0,0,0,0,0,0,0
1625129020035,0,0,0,0,0,0,0
1625129020046,0,0,0,0,0,0,0
1625129020057,0,0,0,0,0,0,0
1625129020068,0,0,0,0,0,0,0
1625129020079,0,0,0,0,0,0,0
1625129020090,0,0,0,0,0,0,0
1625129020101,0,0,0,0,0,0,0
1625129020113,0,0,0,0,0,0,0
1625129020124,0,0,0,0,0,0,0
1625129020135,0,0,0,0,0,0,0
1625129020146,0,0,0,0,0,0,0
1625129020157,0,0,0,0,0,0,0
1625129020168,0,0,0,0,0,0,0
1625129020179,0,0,0,0,0,0,0
1625129020190,0,0,0,0,0,0,0
1625129020201,0,0,0,0,0,0,0
1625129020212,0,0,0,0,0,0,0
1625129020223,0,0,0,0,0,0,0
1625129020234,0,0,0,0,0,0,0
1625129020245,0,0,0,0,0,0,0
1625129020256,0,0,0,0,0,0,0
1625129020267,0,0,0,0,0,0,0
1625129020278,0,0,0,0,0,0,0
1625129020289,0,0,0,0,0,0,0
1625129020300,0,0,0,0,0,0,0
1625129020311,0,0,0,0,0,0,0
1625129020322,0,0,0,0,0,0,0
1625129020333,0,0,0,0,0,0,0
1625129020344,0,0,0,0,0,0,0
1625129020355,0,0,0,0,0,0,0
1625129020366,0,0,0,0,0,0,0
1625129020377,0,0,0,0,0,0,0
1625129020388,0,0,0,0,0,0,0
1625129020399,0,0,0,0,0,0,0
1625129020410,0,0,0,0,0,0,0
1625129020421,0,0,0,0,0,0,0
1625129020432,0,0,0,0,0,0,0
1625129020443,0,0,0,0,0,0,0
1625129020454,0,0,0,0,0,0,0
1625129020465,0,0,0,0,0,0,0
1625129020476,0,0,0,0,0,0,0
1625129020487,0,0,0,0,0,0,0
1625129020498,0,0,0,0,0,0,0
1625129020509,0,0,0,0,0,0,0
1625129020520,0,0,0,0,0,0,0
1625129020531,0,0,0,0,0,0,0
1625129020542,0,0,0,0,0,0,0
1625129020553,0,0,0,0,0,0,0
1625129020564,0,0,0,0,0,0,0
1625129020575,0,0,0,0,0,0,0
1625129020586,0,0,0,0,0,0,0
1625129020598,0,0,0,0,0,0,0
1625129020609,0,0,0,0,0,0,0
1625129020620,0,0,0,0,0,0,0
1625129020631,0,0,0,0,0,0,0
1625129020642,0,0,0,0,0,0,0
1625129020653,0,0,0,0,0,0,0
1625129020664,0,0,0,0,0,0,0
1625129020675,0,0,0,0,0,0,0
1625129020686,0,0,0,0,0,0,0
1625129020697,0,0,0,0,0,0,0
1625129020708,0,0,0,0,0,0,0
1625129020719,0,0,0,0,0,0,0
1625129020730,0,0,0,0,0,0,0
1625129020741,0,0,0,0,0,0,0
1625129020752,0,0,0,0,0,0,0
1625129020763,0,0,0,0,0,0,0
1625129020774,0,0,0,0,0,0,0
1625129020785,0,0,0,0,0,0,0
1625129020796,0,0,0,0,0,0,0
1625129020807,0,0,0,0,0,0,0
1625129020818,0,0,0,0,0,0,0
1625129020829,0,0,0,0,0,0,0
1625129020840,0,0,0,0,0,0,0
1625129020851,0,0,0,0,0,0,0
1625129020862,0,0,0,0,0,0,0
1625129020873,0,0,0,0,0,0,0
1625129020884,0,0,0,0,0,0,0
1625129020895,0,0,0,0,0,0,0
1625129020906,0,0,0,0,0,0,0
1625129020917,0,0,0,0,0,0,0
1625129020928,0,0,0,0,0,0,0
1625129020939,0,0,0,0,0,0,0
1625129020950,0,0,0,0,0,0,0
1625129020961,0,0,0,0,0,0,0
1625129020973,0,0,0,0,0,0,0
1625129020984,0,0,0,0,0,0,0
1625129020995,0,0,0,0,0,0,0
1625129021006,0,0,0,0,0,0,0
1625129021017,0,0,0,0,0,0,0
1625129021028,0,0,0,0,0,0,0
1625129021039,0,0,0,0,0,0,0
1625129021050,0,0,0,0,0,0,0
1625129021061,0,0,0,0,0,0,0
1625129021072,0,0,0,0,0,0,0
1625129021083,0,0,0,0,0,0,0
1625129021094,0,0,0,0,0,0,0
1625129021105,0,0,0,0,0,0,0
1625129021116,0,0,0,0,0,0,0
1625129021127,0,0,0,0,0,0,0
1625129021138,0,0,0,0,0,0,0
1625129021150,0,0,0,0,0,0,0
1625129021161,0,0,0,0,0,0,0
1625129021172,0,0,0,0,0,0,0
1625129021183,0,0,0,0,0,0,0
1625129021194,0,0,0,0,0,0,0
1625129021215,0,0,0,0,0,0,0
1625129021226,0,0,0,0,0,0,0
1625129021237,0,0,0,0,0,0,0
1625129021249,0,0,0,0,0,0,0
1625129021260,0,0,0,0,0,0,0
1625129021271,0,0,0,0,0,0,0
1625129021282,0,0,0,0,0,0,0
1625129021293,0,0,0,0,0,0,0
1625129021304,0,0,0,0,0,0,0
1625129021315,0,0,0,0,0,0,0
1625129021326,0,0,0,0,0,0,0
1625129021337,0,0,0,0,0,0,0
1625129021348,0,0,0,0,0,0,0
1625129021359,0,0,0,0,0,0,0
1625129021370,0,0,0,0,0,0,0
1625129021381,0,0,0,0,0,0,0
1625129021392,0,0,0,0,0,0,0
1625129021403,0,0,0,0,0,0,0
1625129021414,0,0,0,0,0,0,0
1625129021425,0,0,0,0,0,0,0
1625129021436,0,0,0,0,0,0,0
1625129021447,0,0,0,0,0,0,0
1625129021458,0,0,0,0,0,0,0
1625129021469,0,0,0,0,0,0,0
1625129021480,0,0,0,0,0,0,0
1625129021491,0,0,0,0,0,0,0
1625129021502,0,0,0,0,0,0,0
1625129021513,0,0,0,0,0,0,0
1625129021524,0,0,0,0,0,0,0
1625129021535,0,0,0,0,0,0,0
1625129021546,0,0,0,0,0,0,0
1625129021557,0,0,0,0,0,0,0
1625129021568,0,0,0,0,0,0,0
1625129021579,0,0,0,0,0,0,0
1625129021590,0,0,0,0,0,0,0
1625129021601,0,0,0,0,0,0,0
1625129021612,0,0,0,0,0,0,0
1625129021623,0,0,0,0,0,0,0
1625129021634,0,0,0,0,0,0,0
1625129021645,0,0,0,0,0,0,0
1625129021656,0,0,0,0,0,0,0
1625129021667,0,0,0,0,0,0,0
1625129021678,0,0,0,0,0,0,0
1625129021689,0,0,0,0,0,0,0
1625129021700,0,0,0,0,0,0,0
1625129021711,0,0,0,0,0,0,0
1625129021722,0,0,0,0,0,0,0
1625129021733,0,0,0,0,0,0,0
1625129021744,0,0,0,0,0,0,0
1625129021755,0,0,0,0,0,0,0
1625129021766,0,0,0,0,0,0,0
1625129021777,0,0,0,0,0,0,0
1625129021788,0,0,0,0,0,0,0
1625129021799,0,0,0,0,0,0,0
1625129021810,0,0,0,0,0,0,0
1625129021821,0,0,0,0,0,0,0
1625129021832,0,0,0,0,0,0,0
1625129021843,0,0,0,0,0,0,0
1625129021854,0,0,0,0,0,0,0
1625129021865,0,0,0,0,0,0,0
1625129021876,0,0,0,0,0,0,0
1625129021887,0,0,0,0,0,0,0
1625129021898,0,0,0,0,0,0,0
1625129021909,0,0,0,0,0,0,0
1625129021920,0,0,0,0,0,0,0
1625129021931,0,0,0,0,0,0,0
1625129021942,0,0,0,0,0,0,0
1625129021953,0,0,0,0,0,0,0
1625129021964,0,0,0,0,0,0,0
1625129021975,0,0,0,0,0,0,0
1625129021986,0,0,0,0,0,0,0
1625129021997,0,0,0,0,0,0,0
1625129022008,0,0,0,0,0,0,0
1625129022019,0,0,0,0,0,0,0
1625129022030,0,0,0,0,0,0,0
1625129022041,0,0,0,0,0,0,0
1625129022052,0,0,0,0,0,0,0
1625129022063,0,0,0,0,0,0,0
1625129022074,0,0,0,0,0,0,0
1625129022085,0,0,0,0,0,0,0
1625129022096,0,0,0,0,0,0,0
1625129022107,0,0,0,0,0,0,0
1625129022118,0,0,0,0,0,0,0
1625129022129,0,0,0,0,0,0,0
1625129022140,0,0,0,0,0,0,0
1625129022151,0,0,0,0,0,0,0
1625129022162,0,0,0,0,0,0,0
1625129022173,0,0,0,0,0,0,0
1625129022184,0,0,0,0,0,0,0
1625129022195,0,0,0,0,0,0,0
1625129022206,0,0,0,0,0,0,0
1625129022217,0,0,0,0,0,0,0
1625129022228,0,0,0,0,0,0,0
1625129022239,0,0,0,0,0,0,0
1625129022250,0,0,0,0,0,0,0
1625129022261,0,0,0,0,0,0,0
1625129022272,0,0,0,0,0,0,0
1625129022283,0,0,0,0,0,0,0
1625129022294,0,0,0,0,0,0,0
1625129022305,0,0,0,0,0,0,0
1625129022316,0,0,0,0,0,0,0
1625129022327,0,0,0,0,0,0,0
1625129022338,0,0,0,0,0,0,0
1625129022349,0,0,0,0,0,0,0
1625129022360,0,0,0,0,0,0,0
1625129022371,0,0,0,0,0,0,0
1625129022382,0,0,0,0,0,0,0
1625129022393,0,0,0,0,0,0,0
1625129022404,0,0,0,0,0,0,0
1625129022415,0,0,0,0,0,0,0
1625129022426,0,0,0,0,0,0,0
1625129022437,0,0,0,0,0,0,0
1625129022448,0,0,0,0,0,0,0
1625129022459,0,0,0,0,0,0,0
1625129022471,0,0,0,0,0,0,0
1625129022482,0,0,0,0,0,0,0
1625129022493,0,0,0,0,0,0,0
1625129022504,0,0,0,0,0,0,0
1625129022515,0,0,0,0,0,0,0
1625129022526,0,0,0,0,0,0,0
1625129022537,0,0,0,0,0,0,0
1625129022548,0,0,0,0,0,0,0
1625129022559,0,0,0,0,0,0,0
1625129022570,0,0,0,0,0,0,0
1625129022581,0,0,0,0,0,0,0
1625129022592,0,0,0,0,0,0,0
1625129022603,0,0,0,0,0,0,0
1625129022614,0,0,0,0,0,0,0
1625129022625,0,0,0,0,0,0,0
1625129022636,0,0,0,0,0,0,0
1625129022647,0,0,0,0,0,0,0
1625129022658,0,0,0,0,0,0,0
1625129022669,0,0,0,0,0,0,0
1625129022680,0,0,0,0,0,0,0
1625129022691,0,0,0,0,0,0,0
1625129022702,0,0,0,0,0,0,0
1625129022713,0,0,0,0,0,0,0
1625129022724,0,0,0,0,0,0,0
1625129022735,0,0,0,0,0,0,0
1625129022746,0,0,0,0,0,0,0
1625129022757,0,0,0,0,0,0,0
1625129022768,0,0,0,0,0,0,0
1625129022779,0,0,0,0,0,0,0
1625129022790,0,0,0,0,0,0,0
1625129022801,0,0,0,0,0,0,0
1625129022812,0,0,0,0,0,0,0
1625129022823,0,0,0,0,0,0,0
1625129022834,0,0,0,0,0,0,0
1625129022845,0,0,0,0,0,0,0
1625129022856,0,0,0,0,0,0,0
1625129022867,0,0,0,0,0,0,0
1625129022878,0,0,0,0,0,0,0
1625129022889,0,0,0,0,0,0,0
1625129022900,0,0,0,0,0,0,0
1625129022911,0,0,0,0,0,0,0
1625129022922,0,0,0,0,0,0,0
1625129022933,0,0,0,0,0,0,0
1625129022944,0,0,0,0,0,0,0
1625129022955,0,0,0,0,0,0,0
1625129022966,0,0,0,0,0,0,0
1625129022977,0,0,0,0,0,0,0
1625129022988,0,0,0,0,0,0,0
1625129022999,0,0,0,0,0,0,0
1625129023010,0,0,0,0,0,0,0
1625129023021,0,0,0,0,0,0,0
1625129023032,0,0,0,0,0,0,0
1625129023043,0,0,0,0,0,0,0
1625129023054,0,0,0,0,0,0,0
1625129023065,0,0,0,0,0,0,0
1625129023076,0,0,0,0,0,0,0
1625129023087,0,0,0,0,0,0,0
1625129023098,0,0,0,0,0,0,0
1625129023109,0,0,0,0,0,0,0
1625129023120,0,0,0,0,0,0,0
1625129023131,0,0,0,0,0,0,0
1625129023142,0,0,0,0,0,0,0
1625129023153,0,0,0,0,0,0,0
1625129023164,0,0,0,0,0,0,0
1625129023175,0,0,0,0,0,0,0
1625129023186,0,0,0,0,0,0,0
1625129023197,0,0,0,0,0,0,0
1625129023208,0,0,0,0,0,0,0
1625129023219,0,0,0,0,0,0,0
1625129023230,0,0,0,0,0,0,0
1625129023241,0,0,0,0,0,0,0
1625129023252,0,0,0,0,0,0,0
1625129023263,0,0,0,0,0,0,0
1625129023274,0,0,0,0,0,0,0
1625129023285,0,0,0,0,0,0,0
1625129023296,0,0,0,0,0,0,0
1625129023307,0,0,0,0,0,0,0
1625129023318,0,0,0,0,0,0,0
1625129023329,0,0,0,0,0,0,0
1625129023340,0,0,0,0,0,0,0
1625129023352,0,0,0,0,0,0,0
1625129023363,0,0,0,0,0,0,0
1625129023373,0,0,0,0,0,0,0
1625129023384,0,0,0,0,0,0,0
1625129023395,0,0,0,0,0,0,0
1625129023406,0,0,0,0,0,0,0
1625129023418,0,0,0,0,0,0,0
1625129023429,0,0,0,0,0,0,0
1625129023440,0,0,0,0,0,0,0
1625129023451,0,0,0,0,0,0,0
1625129023462,0,0,0,0,0,0,0
1625129023473,0,0,0,0,0,0,0
1625129023484,0,0,0,0,0,0,0
1625129023495,0,0,0,0,0,0,0
1625129023506,0,0,0,0,0,0,0
1625129023517,0,0,0,0,0,0,0
1625129023528,0,0,0,0,0,0,0
1625129023539,0,0,0,0,0,0,0
1625129023550,0,0,0,0,0,0,0
1625129023561,0,0,0,0,0,0,0
1625129023572,0,0,0,0,0,0,0
1625129023583,0,0,0,0,0,0,0
1625129023594,0,0,0,0,0,0,0
1625129023605,0,0,0,0,0,0,0
1625129023616,0,0,0,0,0,0,0
1625129023627,0,0,0,0,0,0,0
1625129023638,0,0,0,0,0,0,0
1625129023649,0,0,0,0,0,0,0
1625129023660,0,0,0,0,0,0,0
1625129023671,0,0,0,0,0,0,0
1625129023682,0,0,0,0,0,0,0
1625129023694,0,0,0,0,0,0,0
1625129023705,0,0,0,0,0,0,0
1625129023716,0,0,0,0,0,0,0
1625129023727,0,0,0,0,0,0,0
1625129023738,0,0,0,0,0,0,0
1625129023749,0,0,0,0,0,0,0
1625129023760,0,0,0,0,0,0,0
1625129023771,0,0,0,0,0,0,0
1625129023782,0,0,0,0,0,0,0
1625129023793,0,0,0,0,0,0,0
1625129023804,0,0,0,0,0,0,0
1625129023815,0,0,0,0,0,0,0
1625129023826,0,0,0,0,0,0,0
1625129023837,0,0,0,0,0,0,0
1625129023848,0,0,0,0,0,0,0
1625129023859,0,0,0,0,0,0,0
1625129023871,0,0,0,0,0,0,0
1625129023882,0,0,0,0,0,0,0
1625129023893,0,0,0,0,0,0,0
1625129023904,0,0,0,0,0,0,0
1625129023915,0,0,0,0,0,0,0
1625129023926,0,0,0,0,0,0,0
1625129023937,0,0,0,0,0,0,0
1625129023948,0,0,0,0,0,0,0
1625129023959,0,0,0,0,0,0,0
1625129023970,0,0,0,0,0,0,0
1625129023981,0,0,0,0,0,0,0
1625129023992,0,0,0,0,0,0,0
1625129024003,0,0,0,0,0,0,0
1625129024014,0,0,0,0,0,0,0
1625129024025,0,0,0,0,0,0,0
1625129024036,0,0,0,0,0,0,0
1625129024047,0,0,0,0,0,0,0
1625129024059,0,0,0,0,0,0,0
1625129024070,0,0,0,0,0,0,0
1625129024081,0,0,0,0,0,0,0
1625129024092,0,0,0,0,0,0,0
1625129024103,0,0,0,0,0,0,0
1625129024114,0,0,0,0,0,0,0
1625129024125,0,0,0,0,0,0,0
1625129024136,0,0,0,0,0,0,0
1625129024147,0,0,0,0,0,0,0
1625129024158,0,0,0,0,0,0,0
1625129024169,0,0,0,0,0,0,0
1625129024180,0,0,0,0,0,0,0
1625129024191,0,0,0,0,0,0,0
1625129024202,0,0,0,0,0,0,0
1625129024213,0,0,0,0,0,0,0
1625129024225,0,0,0,0,0,0,0
1625129024236,0,0,0,0,0,0,0
1625129024247,0,0,0,0,0,0,0
1625129024258,0,0,0,0,0,0,0
1625129024269,0,0,0,0,0,0,0
1625129024280,0,0,0,0,0,0,0
1625129024291,0,0,0,0,0,0,0
1625129024302,0,0,0,0,0,0,0
1625129024313,0,0,0,0,0,0,0
1625129024324,0,0,0,0,0,0,0
1625129024335,0,0,0,0,0,0,0
1625129024346,0,0,0,0,0,0,0
1625129024357,0,0,0,0,0,0,0
1625129024368,0,0,0,0,0,0,0
1625129024379,0,0,0,0,0,0,0
1625129024390,0,0,0,0,0,0,0
1625129024401,0,0,0,0,0,0,0
1625129024412,0,0,0,0,0,0,0
1625129024423,0,0,0,0,0,0,0
1625129024434,0,0,0,0,0,0,0
1625129024445,0,0,0,0,0,0,0
1625129024456,0,0,0,0,0,0,0
1625129024467,0,0,0,0,0,0,0
1625129024478,0,0,0,0,0,0,0
1625129024489,0,0,0,0,0,0,0
1625129024500,0,0,0,0,0,0,0
1625129024511,0,0,0,0,0,0,0
1625129024523,0,0,0,0,0,0,0
1625129024534,0,0,0,0,0,0,0
1625129024545,0,0,0,0,0,0,0
1625129024556,0,0,0,0,0,0,0
1625129024567,0,0,0,0,0,0,0
1625129024578,0,0,0,0,0,0,0
1625129024589,0,0,0,0,0,0,0
1625129024600,0,0,0,0,0,0,0
1625129024611,0,0,0,0,0,0,0
1625129024622,0,0,0,0,0,0,0
1625129024633,0,0,0,0,0,0,0
1625129024644,0,0,0,0,0,0,0
1625129024655,0,0,0,0,0,0,0
1625129024666,0,0,0,0,0,0,0
1625129024677,0,0,0,0,0,0,0
1625129024689,0,0,0,0,0,0,0
1625129024700,0,0,0,0,0,0,0
1625129024711,0,0,0,0,0,0,0
1625129024722,0,0,0,0,0,0,0
1625129024733,0,0,0,0,0,0,0
1625129024744,0,0,0,0,0,0,0
1625129024755,0,0,0,0,0,0,0
1625129024766,0,0,0,0,0,0,0
1625129024777,0,0,0,0,0,0,0
1625129024788,0,0,0,0,0,0,0
1625129024799,0,0,0,0,0,0,0
1625129024810,0,0,0,0,0,0,0
1625129024821,0,0,0,0,0,0,0
1625129024833,0,0,0,0,0,0,0
1625129024844,0,0,0,0,0,0,0
1625129024855,0,0,0,0,0,0,0
1625129024866,0,0,0,0,0,0,0
1625129024877,0,0,0,0,0,0,0
1625129024888,0,0,0,0,0,0,0
1625129024899,0,0,0,0,0,0,0
1625129024910,0,0,0,0,0,0,0
1625129024921,0,0,0,0,0,0,0
1625129024932,0,0,0,0,0,0,0
1625129024943,0,0,0,0,0,0,0
1625129024954,0,0,0,0,0,0,0
1625129024965,0,0,0,0,0,0,0
1625129024976,0,0,0,0,0,0,0
1625129024987,0,0,0,0,0,0,0
1625129024998,0,0,0,0,0,0,0
1625129025009,0,0,0,0,0,0,0
1625129025020,0,0,0,0,0,0,0
1625129025031,0,0,0,0,0,0,0
1625129025042,0,0,0,0,0,0,0
1625129025053,0,0,0,0,0,0,0
1625129025064,0,0,0,0,0,0,0
1625129025075,0,0,0,0,0,0,0
1625129025086,0,0,0,0,0,0,0
1625129025097,0,0,0,0,0,0,0
1625129025108,0,0,0,0,0,0,0
1625129025119,0,0,0,0,0,0,0
1625129025130,0,0,0,0,0,0,0
1625129025141,0,0,0,0,0,0,0
1625129025152,0,0,0,0,0,0,0
1625129025163,0,0,0,0,0,0,0
1625129025175,0,0,0,0,0,0,0
1625129025186,0,0,0,0,0,0,0
1625129025197,0,0,0,0,0,0,0
1625129025208,0,0,0,0,0,0,0
1625129025219,0,0,0,0,0,0,0
1625129025230,0,0,0,0,0,0,0
1625129025241,0,0,0,0,0,0,0
1625129025252,0,0,0,0,0,0,0
1625129025263,0,0,0,0,0,0,0
1625129025274,0,0,0,0,0,0,0
1625129025285,0,0,0,0,0,0,0
1625129025296,0,0,0,0,0,0,0
1625129025307,0,0,0,0,0,0,0
1625129025318,0,0,0,0,0,0,0
1625129025329,0,0,0,0,0,0,0
1625129025340,0,0,0,0,0,0,0
1625129025351,0,0,0,0,0,0,0
1625129025362,0,0,0,0,0,0,0
1625129025373,0,0,0,0,0,0,0
1625129025384,0,0,0,0,0,0,0
1625129025395,0,0,0,0,0,0,0
1625129025406,0,0,0,0,0,0,0
1625129025417,0,0,0,0,0,0,0
1625129025428,0,0,0,0,0,0,0
1625129025439,0,0,0,0,0,0,0
1625129025450,0,0,0,0,0,0,0
1625129025461,0,0,0,0,0,0,0
1625129025472,0,0,0,0,0,0,0
1625129025483,0,0,0,0,0,0,0
1625129025494,0,0,0,0,0,0,0
1625129025505,0,0,0,0,0,0,0
1625129025516,0,0,0,0,0,0,0
1625129025527,0,0,0,0,0,0,0
1625129025538,0,0,0,0,0,0,0
1625129025549,0,0,0,0,0,0,0
1625129025560,0,0,0,0,0,0,0
1625129025571,0,0,0,0,0,0,0
1625129025582,0,0,0,0,0,0,0
1625129025594,0,0,0,0,0,0,0
1625129025605,0,0,0,0,0,0,0
1625129025616,0,0,0,0,0,0,0
1625129025627,0,0,0,0,0,0,0
1625129025638,0,0,0,0,0,0,0
1625129025649,0,0,0,0,0,0,0
1625129025660,0,0,0,0,0,0,0
1625129025671,0,0,0,0,0,0,0
1625129025682,0,0,0,0,0,0,0
1625129025693,0,0,0,0,0,0,0
1625129025704,0,0,0,0,0,0,0
1625129025715,0,0,0,0,0,0,0
1625129025726,0,0,0,0,0,0,0
1625129025737,0,0,0,0,0,0,0
1625129025748,0,0,0,0,0,0,0
1625129025759,0,0,0,0,0,0,0
1625129025770,0,0,0,0,0,0,0
1625129025781,0,0,0,0,0,0,0
1625129025792,0,0,0,0,0,0,0
1625129025803,0,0,0,0,0,0,0
1625129025814,0,0,0,0,0,0,0
1625129025825,0,0,0,0,0,0,0
1625129025836,0,0,0,0,0,0,0
1625129025848,0,0,0,0,0,0,0
1625129025859,0,0,0,0,0,0,0
1625129025870,0,0,0,0,0,0,0
1625129025881,0,0,0,0,0,0,0
1625129025892,0,0,0,0,0,0,0
1625129025903,0,0,0,0,0,0,0
1625129025914,0,0,0,0,0,0,0
1625129025925,0,0,0,0,0,0,0
1625129025936,0,0,0,0,0,0,0
1625129025947,0,0,0,0,0,0,0
1625129025958,0,0,0,0,0,0,0
1625129025969,0,0,0,0,0,0,0
1625129025980,0,0,0,0,0,0,0
1625129025991,0,0,0,0,0,0,0
1625129026002,0,0,0,0,0,0,0
1625129026013,0,0,0,0,0,0,0
1625129026024,0,0,0,0,0,0,0
1625129026035,0,0,0,0,0,0,0
1625129026046,0,0,0,0,0,0,0
1625129026057,0,0,0,0,0,0,0
1625129026068,0,0,0,0,0,0,0
1625129026079,0,0,0,0,0,0,0
1625129026090,0,0,0,0,0,0,0
1625129026101,0,0,0,0,0,0,0
1625129026112,0,0,0,0,0,0,0
1625129026123,0,0,0,0,0,0,0
1625129026134,0,0,0,0,0,0,0
1625129026145,0,0,0,0,0,0,0
1625129026156,0,0,0,0,0,0,0
1625129026167,0,0,0,0,0,0,0
1625129026178,0,0,0,0,0,0,0
1625129026189,0,0,0,0,0,0,0
1625129026200,0,0,0,0,0,0,0
1625129026221,0,0,0,0,0,0,0
1625129026232,0,0,0,0,0,0,0
1625129026243,0,0,0,0,0,0,0
1625129026254,0,0,0,0,0,0,0
1625129026265,0,0,0,0,0,0,0
1625129026276,0,0,0,0,0,0,0
1625129026287,0,0,0,0,0,0,0
1625129026298,0,0,0,0,0,0,0
1625129026309,0,0,0,0,0,0,0
1625129026320,0,0,0,0,0,0,0
1625129026331,0,0,0,0,0,0,0
1625129026342,0,0,0,0,0,0,0
1625129026353,0,0,0,0,0,0,0
1625129026364,0,0,0,0,0,0,0
1625129026375,0,0,0,0,0,0,0
1625129026386,0,0,0,0,0,0,0
1625129026397,0,0,0,0,0,0,0
1625129026408,0,0,0,0,0,0,0
1625129026419,0,0,0,0,0,0,0
1625129026430,0,0,0,0,0,0,0
1625129026441,0,0,0,0,0,0,0
1625129026452,0,0,0,0,0,0,0
1625129026464,0,0,0,0,0,0,0
1625129026475,0,0,0,0,0,0,0
1625129026486,0,0,0,0,0,0,0
1625129026497,0,0,0,0,0,0,0
1625129026508,0,0,0,0,0,0,0
1625129026519,0,0,0,0,0,0,0
1625129026530,0,0,0,0,0,0,0
1625129026541,0,0,0,0,0,0,0
1625129026552,0,0,0,0,0,0,0
1625129026563,0,0,0,0,0,0,0
1625129026574,0,0,0,0,0,0,0
1625129026585,0,0,0,0,0,0,0
1625129026596,0,0,0,0,0,0,0
1625129026607,0,0,0,0,0,0,0
1625129026618,0,0,0,0,0,0,0
1625129026630,0,0,0,0,0,0,0
1625129026641,0,0,0,0,0,0,0
1625129026652,0,0,0,0,0,0,0
1625129026663,0,0,0,0,0,0,0
1625129026674,0,0,0,0,0,0,0
1625129026685,0,0,0,0,0,0,0
1625129026696,0,0,0,0,0,0,0
1625129026707,0,0,0,0,0,0,0
1625129026718,0,0,0,0,0,0,0
1625129026729,0,0,0,0,0,0,0
1625129026740,0,0,0,0,0,0,0
1625129026752,0,0,0,0,0,0,0
1625129026763,0,0,0,0,0,0,0
1625129026774,0,0,0,0,0,0,0
1625129026785,0,0,0,0,0,0,0
1625129026796,0,0,0,0,0,0,0
1625129026807,0,0,0,0,0,0,0
1625129026818,0,0,0,0,0,0,0
1625129026829,0,0,0,0,0,0,0
1625129026840,0,0,0,0,0,0,0
1625129026851,0,0,0,0,0,0,0
1625129026862,0,0,0,0,0,0,0
1625129026873,0,0,0,0,0,0,0
1625129026884,0,0,0,0,0,0,0
1625129026894,0,0,0,0,0,0,0
1625129026905,0,0,0,0,0,0,0
1625129026916,0,0,0,0,0,0,0
1625129026927,0,0,0,0,0,0,0
1625129026938,0,0,0,0,0,0,0
1625129026949,0,0,0,0,0,0,0
1625129026960,0,0,0,0,0,0,0
1625129026971,0,0,0,0,0,0,0
1625129026982,0,0,0,0,0,0,0
1625129026993,0,0,0,0,0,0,0
1625129027004,0,0,0,0,0,0,0
1625129027015,0,0,0,0,0,0,0
1625129027026,0,0,0,0,0,0,0
1625129027037,0,0,0,0,0,0,0
1625129027048,0,0,0,0,0,0,0
1625129027059,0,0,0,0,0,0,0
1625129027069,0,0,0,0,0,0,0
1625129027080,0,0,0,0,0,0,0
1625129027091,0,0,0,0,0,0,0
1625129027102,0,0,0,0,0,0,0
1625129027113,0,0,0,0,0,0,0
1625129027124,0,0,0,0,0,0,0
1625129027135,0,0,0,0,0,0,0
1625129027146,0,0,0,0,0,0,0
1625129027157,0,0,0,0,0,0,0
1625129027168,0,0,0,0,0,0,0
1625129027179,0,0,0,0,0,0,0
1625129027190,0,0,0,0,0,0,0
1625129027201,0,0,0,0,0,0,0
1625129027212,0,0,0,0,0,0,0
1625129027223,0,0,0,0,0,0,0
1625129027234,0,0,0,0,0,0,0
1625129027245,0,0,0,0,0,0,0
1625129027256,0,0,0,0,0,0,0
1625129027267,0,0,0,0,0,0,0
1625129027278,0,0,0,0,0,0,0
1625129027289,0,0,0,0,0,0,0
1625129027299,0,0,0,0,0,0,0
1625129027310,0,0,0,0,0,0,0
1625129027321,0,0,0,0,0,0,0
1625129027332,0,0,0,0,0,0,0
1625129027343,0,0,0,0,0,0,0
1625129027354,0,0,0,0,0,0,0
1625129027365,0,0,0,0,0,0,0
1625129027376,0,0,0,0,0,0,0
1625129027387,0,0,0,0,0,0,0
1625129027398,0,0,0,0,0,0,0
1625129027409,0,0,0,0,0,0,0
1625129027420,0,0,0,0,0,0,0
1625129027431,0,0,0,0,0,0,0
1625129027442,0,0,0,0,0,0,0
1625129027453,0,0,0,0,0,0,0
1625129027464,0,0,0,0,0,0,0
1625129027475,0,0,0,0,0,0,0
1625129027486,0,0,0,0,0,0,0
1625129027497,0,0,0,0,0,0,0
1625129027508,0,0,0,0,0,0,0
1625129027519,0,0,0,0,0,0,0
1625129027530,0,0,0,0,0,0,0
1625129027541,0,0,0,0,0,0,0
1625129027552,0,0,0,0,0,0,0
1625129027564,0,0,0,0,0,0,0
1625129027575,0,0,0,0,0,0,0
1625129027586,0,0,0,0,0,0,0
1625129027597,0,0,0,0,0,0,0
1625129027608,0,0,0,0,0,0,0
1625129027619,0,0,0,0,0,0,0
1625129027630,0,0,0,0,0,0,0
1625129027641,0,0,0,0,0,0,0
1625129027652,0,0,0,0,0,0,0
1625129027663,0,0,0,0,0,0,0
1625129027674,0,0,0,0,0,0,0
1625129027685,0,0,0,0,0,0,0
1625129027696,0,0,0,0,0,0,0
1625129027707,0,0,0,0,0,0,0
1625129027718,0,0,0,0,0,0,0
1625129027729,0,0,0,0,0,0,0
1625129027740,0,0,0,0,0,0,0
1625129027751,0,0,0,0,0,0,0
1625129027762,0,0,0,0,0,0,0
1625129027773,0,0,0,0,0,0,0
1625129027784,0,0,0,0,0,0,0
1625129027795,0,0,0,0,0,0,0
1625129027806,0,0,0,0,0,0,0
1625129027817,0,0,0,0,0,0,0
1625129027828,0,0,0,0,0,0,0
1625129027839,0,0,0,0,0,0,0
1625129027850,0,0,0,0,0,0,0
1625129027861,0,0,0,0,0,0,0
1625129027872,0,0,0,0,0,0,0
1625129027883,0,0,0,0,0,0,0
1625129027894,0,0,0,0,0,0,0
1625129027905,0,0,0,0,0,0,0
1625129027916,0,0,0,0,0,0,0
1625129027927,0,0,0,0,0,0,0
1625129027938,0,0,0,0,0,0,0
1625129027949,0,0,0,0,0,0,0
1625129027960,0,0,0,0,0,0,0
1625129027971,0,0,0,0,0,0,0
1625129027982,0,0,0,0,0,0,0
1625129027993,0,0,0,0,0,0,0
1625129028004,0,0,0,0,0,0,0
1625129028015,0,0,0,0,0,0,0
1625129028026,0,0,0,0,0,0,0
1625129028037,0,0,0,0,0,0,0
1625129028048,0,0,0,0,0,0,0
1625129028059,0,0,0,0,0,0,0
1625129028070,0,0,0,0,0,0,0
1625129028081,0,0,0,0,0,0,0
1625129028092,0,0,0,0,0,0,0
1625129028103,0,0,0,0,0,0,0
1625129028114,0,0,0,0,0,0,0
1625129028125,0,0,0,0,0,0,0
1625129028136,0,0,0,0,0,0,0
1625129028147,0,0,0,0,0,0,0
1625129028158,0,0,0,0,0,0,0
1625129028169,0,0,0,0,0,0,0
1625129028180,0,0,0,0,0,0,0
1625129028191,0,0,0,0,0,0,0
1625129028202,0,0,0,0,0,0,0
1625129028213,0,0,0,0,0,0,0
1625129028224,0,0,0,0,0,0,0
1625129028235,0,0,0,0,0,0,0
1625129028246,0,0,0,0,0,0,0
1625129028257,0,0,0,0,0,0,0
1625129028268,0,0,0,0,0,0,0
1625129028279,0,0,0,0,0,0,0
1625129028290,0,0,0,0,0,0,0
1625129028301,0,0,0,0,0,0,0
1625129028312,0,0,0,0,0,0,0
1625129028323,0,0,0,0,0,0,0
1625129028334,0,0,0,0,0,0,0
1625129028345,0,0,0,0,0,0,0
1625129028356,0,0,0,0,0,0,0
1625129028367,0,0,0,0,0,0,0
1625129028378,0,0,0,0,0,0,0
1625129028389,0,0,0,0,0,0,0
1625129028400,0,0,0,0,0,0,0
1625129028411,0,0,0,0,0,0,0
1625129028422,0,0,0,0,0,0,0
1625129028433,0,0,0,0,0,0,0
1625129028444,0,0,0,0,0,0,0
1625129028455,0,0,0,0,0,0,0
1625129028466,0,0,0,0,0,0,0
1625129028477,0,0,0,0,0,0,0
1625129028488,0,0,0,0,0,0,0
1625129028499,0,0,0,0,0,0,0
1625129028510,0,0,0,0,0,0,0
1625129028521,0,0,0,0,0,0,0
1625129028532,0,0,0,0,0,0,0
1625129028543,0,0,0,0,0,0,0
1625129028554,0,0,0,0,0,0,0
1625129028565,0,0,0,0,0,0,0
1625129028576,0,0,0,0,0,0,0
1625129028587,0,0,0,0,0,0,0
1625129028598,0,0,0,0,0,0,0
1625129028609,0,0,0,0,0,0,0
1625129028620,0,0,0,0,0,0,0
1625129028631,0,0,0,0,0,0,0
1625129028642,0,0,0,0,0,0,0
1625129028653,0,0,0,0,0,0,0
1625129028664,0,0,0,0,0,0,0
1625129028675,0,0,0,0,0,0,0
1625129028686,0,0,0,0,0,0,0
1625129028697,0,0,0,0,0,0,0
1625129028707,0,0,0,0,0,0,0
1625129028718,0,0,0,0,0,0,0
1625129028729,0,0,0,0,0,0,0
1625129028740,0,0,0,0,0,0,0
1625129028751,0,0,0,0,0,0,0
1625129028762,0,0,0,0,0,0,0
1625129028773,0,0,0,0,0,0,0
1625129028784,0,0,0,0,0,0,0
1625129028795,0,0,0,0,0,0,0
1625129028806,0,0,0,0,0,0,0
1625129028817,0,0,0,0,0,0,0
1625129028828,0,0,0,0,0,0,0
1625129028839,0,0,0,0,0,0,0
1625129028850,0,0,0,0,0,0,0
1625129028861,0,0,0,0,0,0,0
1625129028872,0,0,0,0,0,0,0
1625129028883,0,0,0,0,0,0,0
1625129028894,0,0,0,0,0,0,0
1625129028905,0,0,0,0,0,0,0
1625129028916,0,0,0,0,0,0,0
1625129028926,0,0,0,0,0,0,0
1625129028937,0,0,0,0,0,0,0
1625129028948,0,0,0,0,0,0,0
1625129028959,0,0,0,0,0,0,0
1625129028970,0,0,0,0,0,0,0
1625129028981,0,0,0,0,0,0,0
1625129028992,0,0,0,0,0,0,0
1625129029003,0,0,0,0,0,0,0
1625129029014,0,0,0,0,0,0,0
1625129029025,0,0,0,0,0,0,0
1625129029036,0,0,0,0,0,0,0
1625129029047,0,0,0,0,0,0,0
1625129029058,0,0,0,0,0,0,0
1625129029069,0,0,0,0,0,0,0
1625129029080,0,0,0,0,0,0,0
1625129029091,0,0,0,0,0,0,0
1625129029102,0,0,0,0,0,0,0
1625129029113,0,0,0,0,0,0,0
1625129029124,0,0,0,0,0,0,0
1625129029135,0,0,0,0,0,0,0
1625129029146,0,0,0,0,0,0,0
1625129029157,0,0,0,0,0,0,0
1625129029167,0,0,0,0,0,0,0
1625129029178,0,0,0,0,0,0,0
1625129029189,0,0,0,0,0,0,0
1625129029200,0,0,0,0,0,0,0
1625129029211,0,0,0,0,0,0,0
1625129029222,0,0,0,0,0,0,0
1625129029233,0,0,0,0,0,0,0
1625129029244,0,0,0,0,0,0,0
1625129029255,0,0,0,0,0,0,0
1625129029266,0,0,0,0,0,0,0
1625129029277,0,0,0,0,0,0,0
1625129029288,0,0,0,0,0,0,0
1625129029299,0,0,0,0,0,0,0
1625129029310,0,0,0,0,0,0,0
1625129029322,0,0,0,0,0,0,0
1625129029333,0,0,0,0,0,0,0
1625129029344,0,0,0,0,0,0,0
1625129029355,0,0,0,0,0,0,0
1625129029366,0,0,0,0,0,0,0
1625129029377,0,0,0,0,0,0,0
1625129029388,0,0,0,0,0,0,0
1625129029399,0,0,0,0,0,0,0
1625129029410,0,0,0,0,0,0,0
1625129029421,0,0,0,0,0,0,0
1625129029432,0,0,0,0,0,0,0
1625129029443,0,0,0,0,0,0,0
1625129029454,0,0,0,0,0,0,0
1625129029465,0,0,0,0,0,0,0
1625129029476,0,0,0,0,0,0,0
1625129029487,0,0,0,0,0,0,0
1625129029498,0,0,0,0,0,0,0
1625129029509,0,0,0,0,0,0,0
1625129029520,0,0,0,0,0,0,0
1625129029531,0,0,0,0,0,0,0
1625129029542,0,0,0,0,0,0,0
1625129029553,0,0,0,0,0,0,0
1625129029564,0,0,0,0,0,0,0
1625129029575,0,0,0,0,0,0,0
1625129029586,0,0,0,0,0,0,0
1625129029597,0,0,0,0,0,0,0
1625129029608,0,0,0,0,0,0,0
1625129029619,0,0,0,0,0,0,0
1625129029630,0,0,0,0,0,0,0
1625129029641,0,0,0,0,0,0,0
1625129029652,0,0,0,0,0,0,0
1625129029663,0,0,0,0,0,0,0
1625129029674,0,0,0,0,0,0,0
1625129029685,0,0,0,0,0,0,0
1625129029696,0,0,0,0,0,0,0
1625129029707,0,0,0,0,0,0,0
1625129029718,0,0,0,0,0,0,0
1625129029729,0,0,0,0,0,0,0
1625129029740,0,0,0,0,0,0,0
1625129029751,0,0,0,0,0,0,0
1625129029762,0,0,0,0,0,0,0
1625129029773,0,0,0,0,0,0,0
1625129029784,0,0,0,0,0,0,0
1625129029795,0,0,0,0,0,0,0
1625129029806,0,0,0,0,0,0,0
1625129029817,0,0,0,0,0,0,0
1625129029828,0,0,0,0,0,0,0
1625129029839,0,0,0,0,0,0,0
1625129029850,0,0,0,0,0,0,0
1625129029861,0,0,0,0,0,0,0
1625129029872,0,0,0,0,0,0,0
1625129029883,0,0,0,0,0,0,0
1625129029894,0,0,0,0,0,0,0
1625129029905,0,0,0,0,0,0,0
1625129029916,0,0,0,0,0,0,0
1625129029927,0,0,0,0,0,0,0
1625129029938,0,0,0,0,0,0,0
1625129029949,0,0,0,0,0,0,0
1625129029960,0,0,0,0,0,0,0
1625129029971,0,0,0,0,0,0,0
1625129029983,0,0,0,0,0,0,0
1625129029994,0,0,0,0,0,0,0
1625129030005,0,0,0,0,0,0,0
1625129030016,0,0,0,0,0,0,0
1625129030027,0,0,0,0,0,0,0
1625129030038,0,0,0,0,0,0,0
1625129030049,0,0,0,0,0,0,0
1625129030060,0,0,0,0,0,0,0
1625129030071,0,0,0,0,0,0,0
1625129030082,0,0,0,0,0,0,0
1625129030093,0,0,0,0,0,0,0
1625129030104,0,0,0,0,0,0,0
1625129030115,0,0,0,0,0,0,0
1625129030126,0,0,0,0,0,0,0
1625129030137,0,0,0,0,0,0,0
1625129030148,0,0,0,0,0,0,0
1625129030159,0,0,0,0,0,0,0
1625129030170,0,0,0,0,0,0,0
1625129030181,0,0,0,0,0,0,0
1625129030192,0,0,0,0,0,0,0
1625129030203,0,0,0,0,0,0,0
1625129030214,0,0,0,0,0,0,0
1625129030225,0,0,0,0,0,0,0
1625129030236,0,0,0,0,0,0,0
1625129030248,0,0,0,0,0,0,0
1625129030259,0,0,0,0,0,0,0
1625129030270,0,0,0,0,0,0,0
1625129030281,0,0,0,0,0,0,0
1625129030292,0,0,0,0,0,0,0
1625129030303,0,0,0,0,0,0,0
1625129030314,0,0,0,0,0,0,0
1625129030325,0,0,0,0,0,0,0
1625129030336,0,0,0,0,0,0,0
1625129030347,0,0,0,0,0,0,0
1625129030358,0,0,0,0,0,0,0
1625129030369,0,0,0,0,0,0,0
1625129030380,0,0,0,0,0,0,0
1625129030391,0,0,0,0,0,0,0
1625129030402,0,0,0,0,0,0,0
1625129030413,0,0,0,0,0,0,0
1625129030424,0,0,0,0,0,0,0
1625129030435,0,0,0,0,0,0,0
1625129030446,0,0,0,0,0,0,0
1625129030457,0,0,0,0,0,0,0
1625129030468,0,0,0,0,0,0,0
1625129030479,0,0,0,0,0,0,0
1625129030490,0,0,0,0,0,0,0
1625129030501,0,0,0,0,0,0,0
1625129030512,0,0,0,0,0,0,0
1625129030523,0,0,0,0,0,0,0
1625129030534,0,0,0,0,0,0,0
1625129030545,0,0,0,0,0,0,0
1625129030556,0,0,0,0,0,0,0
1625129030567,0,0,0,0,0,0,0
1625129030578,0,0,0,0,0,0,0
1625129030589,0,0,0,0,0,0,0
1625129030600,0,0,0,0,0,0,0
1625129030611,0,0,0,0,0,0,0
1625129030623,0,0,0,0,0,0,0
1625129030634,0,0,0,0,0,0,0
1625129030645,0,0,0,0,0,0,0
1625129030656,0,0,0,0,0,0,0
1625129030667,0,0,0,0,0,0,0
1625129030678,0,0,0,0,0,0,0
1625129030689,0,0,0,0,0,0,0
1625129030700,0,0,0,0,0,0,0
1625129030711,0,0,0,0,0,0,0
1625129030722,0,0,0,0,0,0,0
1625129030733,0,0,0,0,0,0,0
1625129030744,0,0,0,0,0,0,0
1625129030755,0,0,0,0,0,0,0
1625129030766,0,0,0,0,0,0,0
1625129030777,0,0,0,0,0,0,0
1625129030788,0,0,0,0,0,0,0
1625129030799,0,0,0,0,0,0,0
1625129030810,0,0,0,0,0,0,0
1625129030821,0,0,0,0,0,0,0
1625129030832,0,0,0,0,0,0,0
1625129030843,0,0,0,0,0,0,0
1625129030854,0,0,0,0,0,0,0
1625129030865,0,0,0,0,0,0,0
1625129030876,0,0,0,0,0,0,0
1625129030887,0,0,0,0,0,0,0
1625129030898,0,0,0,0,0,0,0
1625129030909,0,0,0,0,0,0,0
1625129030920,0,0,0,0,0,0,0
1625129030931,0,0,0,0,0,0,0
1625129030942,0,0,0,0,0,0,0
1625129030953,0,0,0,0,0,0,0
1625129030965,0,0,0,0,0,0,0
1625129030976,0,0,0,0,0,0,0
1625129030987,0,0,0,0,0,0,0
1625129030998,0,0,0,0,0,0,0
1625129031009,0,0,0,0,0,0,0
1625129031020,0,0,0,0,0,0,0
1625129031031,0,0,0,0,0,0,0
1625129031042,0,0,0,0,0,0,0
1625129031053,0,0,0,0,0,0,0
1625129031065,0,0,0,0,0,0,0
1625129031076,0,0,0,0,0,0,0
1625129031087,0,0,0,0,0,0,0
1625129031098,0,0,0,0,0,0,0
1625129031109,0,0,0,0,0,0,0
1625129031120,0,0,0,0,0,0,0
1625129031131,0,0,0,0,0,0,0
1625129031142,0,0,0,0,0,0,0
1625129031153,0,0,0,0,0,0,0
1625129031164,0,0,0,0,0,0,0
1625129031176,0,0,0,0,0,0,0
1625129031187,0,0,0,0,0,0,0
1625129031211,0,0,0,0,0,0,0
1625129031222,0,0,0,0,0,0,0
1625129031234,0,0,0,0,0,0,0
1625129031245,0,0,0,0,0,0,0
1625129031256,0,0,0,0,0,0,0
1625129031267,0,0,0,0,0,0,0
1625129031278,0,0,0,0,0,0,0
1625129031289,0,0,0,0,0,0,0
1625129031300,0,0,0,0,0,0,0
1625129031311,0,0,0,0,0,0,0
1625129031322,0,0,0,0,0,0,0
1625129031333,0,0,0,0,0,0,0
1625129031344,0,0,0,0,0,0,0
1625129031355,0,0,0,0,0,0,0
1625129031367,0,0,0,0,0,0,0
1625129031378,0,0,0,0,0,0,0
1625129031389,0,0,0,0,0,0,0
1625129031400,0,0,0,0,0,0,0
1625129031411,0,0,0,0,0,0,0
1625129031422,0,0,0,0,0,0,0
1625129031433,0,0,0,0,0,0,0
1625129031444,0,0,0,0,0,0,0
1625129031455,0,0,0,0,0,0,0
1625129031466,0,0,0,0,0,0,0
1625129031477,0,0,0,0,0,0,0
1625129031488,0,0,0,0,0,0,0
1625129031499,0,0,0,0,0,0,0
1625129031510,0,0,0,0,0,0,0
1625129031521,0,0,0,0,0,0,0
1625129031532,0,0,0,0,0,0,0
1625129031543,0,0,0,0,0,0,0
1625129031554,0,0,0,0,0,0,0
1625129031565,0,0,0,0,0,0,0
1625129031576,0,0,0,0,0,0,0
1625129031587,0,0,0,0,0,0,0
1625129031598,0,0,0,0,0,0,0
1625129031609,0,0,0,0,0,0,0
1625129031620,0,0,0,0,0,0,0
1625129031631,0,0,0,0,0,0,0
1625129031642,0,0,0,0,0,0,0
1625129031653,0,0,0,0,0,0,0
1625129031664,0,0,0,0,0,0,0
1625129031675,0,0,0,0,0,0,0
1625129031687,0,0,0,0,0,0,0
1625129031698,0,0,0,0,0,0,0
1625129031709,0,0,0,0,0,0,0
1625129031720,0,0,0,0,0,0,0
1625129031731,0,0,0,0,0,0,0
1625129031742,0,0,0,0,0,0,0
1625129031753,0,0,0,0,0,0,0
1625129031764,0,0,0,0,0,0,0
1625129031775,0,0,0,0,0,0,0
1625129031786,0,0,0,0,0,0,0
1625129031797,0,0,0,0,0,0,0
1625129031808,0,0,0,0,0,0,0
1625129031819,0,0,0,0,0,0,0
1625129031830,0,0,0,0,0,0,0
1625129031841,0,0,0,0,0,0,0
1625129031852,0,0,0,0,0,0,0
1625129031864,0,0,0,0,0,0,0
1625129031875,0,0,0,0,0,0,0
1625129031886,0,0,0,0,0,0,0
1625129031897,0,0,0,0,0,0,0
1625129031908,0,0,0,0,0,0,0
1625129031919,0,0,0,0,0,0,0
1625129031930,0,0,0,0,0,0,0
1625129031941,0,0,0,0,0,0,0
1625129031952,0,0,0,0,0,0,0
1625129031963,0,0,0,0,0,0,0
1625129031974,0,0,0,0,0,0,0
1625129031985,0,0,0,0,0,0,0
1625129031996,0,0,0,0,0,0,0
1625129032007,0,0,0,0,0,0,0
1625129032018,0,0,0,0,0,0,0
1625129032030,0,0,0,0,0,0,0
1625129032041,0,0,0,0,0,0,0
1625129032052,0,0,0,0,0,0,0
1625129032063,0,0,0,0,0,0,0
1625129032074,0,0,0,0,0,0,0
1625129032085,0,0,0,0,0,0,0
1625129032096,0,0,0,0,0,0,0
1625129032107,0,0,0,0,0,0,0
1625129032118,0,0,0,0,0,0,0
1625129032129,0,0,0,0,0,0,0
1625129032140,0,0,0,0,0,0,0
1625129032151,0,0,0,0,0,0,0
1625129032162,0,0,0,0,0,0,0
1625129032173,0,0,0,0,0,0,0
1625129032184,0,0,0,0,0,0,0
1625129032195,0,0,0,0,0,0,0
1625129032206,0,0,0,0,0,0,0
1625129032217,0,0,0,0,0,0,0
1625129032228,0,0,0,0,0,0,0
1625129032239,0,0,0,0,0,0,0
1625129032250,0,0,0,0,0,0,0
1625129032261,0,0,0,0,0,0,0
1625129032272,0,0,0,0,0,0,0
1625129032283,0,0,0,0,0,0,0
1625129032294,0,0,0,0,0,0,0
1625129032305,0,0,0,0,0,0,0
1625129032316,0,0,0,0,0,0,0
1625129032327,0,0,0,0,0,0,0
1625129032338,0,0,0,0,0,0,0
1625129032349,0,0,0,0,0,0,0
1625129032360,0,0,0,0,0,0,0
1625129032371,0,0,0,0,0,0,0
1625129032382,0,0,0,0,0,0,0
1625129032393,0,0,0,0,0,0,0
1625129032404,0,0,0,0,0,0,0
1625129032415,0,0,0,0,0,0,0
1625129032426,0,0,0,0,0,0,0
1625129032437,0,0,0,0,0,0,0
1625129032449,0,0,0,0,0,0,0
1625129032460,0,0,0,0,0,0,0
1625129032471,0,0,0,0,0,0,0
1625129032482,0,0,0,0,0,0,0
1625129032493,0,0,0,0,0,0,0
1625129032504,0,0,0,0,0,0,0
1625129032514,0,0,0,0,0,0,0
1625129032525,0,0,0,0,0,0,0
1625129032537,0,0,0,0,0,0,0
1625129032548,0,0,0,0,0,0,0
1625129032559,0,0,0,0,0,0,0
1625129032570,0,0,0,0,0,0,0
1625129032581,0,0,0,0,0,0,0
1625129032592,0,0,0,0,0,0,0
1625129032603,0,0,0,0,0,0,0
1625129032614,0,0,0,0,0,0,0
1625129032625,0,0,0,0,0,0,0
1625129032636,0,0,0,0,0,0,0
1625129032647,0,0,0,0,0,0,0
1625129032658,0,0,0,0,0,0,0
1625129032669,0,0,0,0,0,0,0
1625129032680,0,0,0,0,0,0,0
1625129032691,0,0,0,0,0,0,0
1625129032702,0,0,0,0,0,0,0
1625129032713,0,0,0,0,0,0,0
1625129032724,0,0,0,0,0,0,0
1625129032735,0,0,0,0,0,0,0
1625129032746,0,0,0,0,0,0,0
1625129032757,0,0,0,0,0,0,0
1625129032768,0,0,0,0,0,0,0
1625129032779,0,0,0,0,0,0,0
1625129032790,0,0,0,0,0,0,0
1625129032801,0,0,0,0,0,0,0
1625129032812,0,0,0,0,0,0,0
1625129032824,0,0,0,0,0,0,0
1625129032835,0,0,0,0,0,0,0
1625129032845,0,0,0,0,0,0,0
1625129032856,0,0,0,0,0,0,0
1625129032868,0,0,0,0,0,0,0
1625129032878,0,0,0,0,0,0,0
1625129032889,0,0,0,0,0,0,0
1625129032900,0,0,0,0,0,0,0
1625129032912,0,0,0,0,0,0,0
1625129032923,0,0,0,0,0,0,0
1625129032934,0,0,0,0,0,0,0
1625129032945,0,0,0,0,0,0,0
1625129032956,0,0,0,0,0,0,0
1625129032967,0,0,0,0,0,0,0
1625129032978,0,0,0,0,0,0,0
1625129032989,0,0,0,0,0,0,0
1625129033000,0,0,0,0,0,0,0
1625129033011,0,0,0,0,0,0,0
1625129033022,0,0,0,0,0,0,0
1625129033033,0,0,0,0,0,0,0
1625129033044,0,0,0,0,0,0,0
1625129033055,0,0,0,0,0,0,0
1625129033066,0,0,0,0,0,0,0
1625129033077,0,0,0,0,0,0,0
1625129033088,0,0,0,0,0,0,0
1625129033099,0,0,0,0,0,0,0
1625129033110,0,0,0,0,0,0,0
1625129033121,0,0,0,0,0,0,0
1625129033132,0,0,0,0,0,0,0
1625129033143,0,0,0,0,0,0,0
1625129033154,0,0,0,0,0,0,0
1625129033165,0,0,0,0,0,0,0
1625129033176,0,0,0,0,0,0,0
1625129033187,0,0,0,0,0,0,0
1625129033198,0,0,0,0,0,0,0
1625129033209,0,0,0,0,0,0,0
1625129033220,0,0,0,0,0,0,0
1625129033231,0,0,0,0,0,0,0
1625129033242,0,0,0,0,0,0,0
1625129033253,0,0,0,0,0,0,0
1625129033264,0,0,0,0,0,0,0
1625129033275,0,0,0,0,0,0,0
1625129033286,0,0,0,0,0,0,0
1625129033297,0,0,0,0,0,0,0
1625129033308,0,0,0,0,0,0,0
1625129033319,0,0,0,0,0,0,0
1625129033330,0,0,0,0,0,0,0
1625129033341,0,0,0,0,0,0,0
1625129033352,0,0,0,0,0,0,0
1625129033363,0,0,0,0,0,0,0
1625129033374,0,0,0,0,0,0,0
1625129033385,0,0,0,0,0,0,0
1625129033396,0,0,0,0,0,0,0
1625129033407,0,0,0,0,0,0,0
1625129033418,0,0,0,0,0,0,0
1625129033429,0,0,0,0,0,0,0
1625129033440,0,0,0,0,0,0,0
1625129033451,0,0,0,0,0,0,0
1625129033462,0,0,0,0,0,0,0
1625129033473,0,0,0,0,0,0,0
1625129033483,0,0,0,0,0,0,0
1625129033494,0,0,0,0,0,0,0
1625129033505,0,0,0,0,0,0,0
1625129033516,0,0,0,0,0,0,0
1625129033527,0,0,0,0,0,0,0
1625129033538,0,0,0,0,0,0,0
1625129033549,0,0,0,0,0,0,0
1625129033560,0,0,0,0,0,0,0
1625129033571,0,0,0,0,0,0,0
1625129033582,0,0,0,0,0,0,0
1625129033593,0,0,0,0,0,0,0
1625129033604,0,0,0,0,0,0,0
1625129033615,0,0,0,0,0,0,0
1625129033626,0,0,0,0,0,0,0
1625129033637,0,0,0,0,0,0,0
1625129033648,0,0,0,0,0,0,0
1625129033659,0,0,0,0,0,0,0
1625129033670,0,0,0,0,0,0,0
1625129033681,0,0,0,0,0,0,0
1625129033692,0,0,0,0,0,0,0
1625129033703,0,0,0,0,0,0,0
1625129033714,0,0,0,0,0,0,0
1625129033725,0,0,0,0,0,0,0
1625129033736,0,0,0,0,0,0,0
1625129033747,0,0,0,0,0,0,0
1625129033757,0,0,0,0,0,0,0
1625129033768,0,0,0,0,0,0,0
1625129033779,0,0,0,0,0,0,0
1625129033790,0,0,0,0,0,0,0
1625129033801,0,0,0,0,0,0,0
1625129033812,0,0,0,0,0,0,0
1625129033823,0,0,0,0,0,0,0
1625129033834,0,0,0,0,0,0,0
1625129033845,0,0,0,0,0,0,0
1625129033856,0,0,0,0,0,0,0
1625129033867,0,0,0,0,0,0,0
1625129033878,0,0,0,0,0,0,0
1625129033889,0,0,0,0,0,0,0
1625129033900,0,0,0,0,0,0,0
1625129033911,0,0,0,0,0,0,0
1625129033922,0,0,0,0,0,0,0
1625129033933,0,0,0,0,0,0,0
1625129033944,0,0,0,0,0,0,0
1625129033955,0,0,0,0,0,0,0
1625129033966,0,0,0,0,0,0,0
1625129033977,0,0,0,0,0,0,0
1625129033987,0,0,0,0,0,0,0
1625129033998,0,0,0,0,0,0,0
1625129034009,0,0,0,0,0,0,0
1625129034020,0,0,0,0,0,0,0
1625129034031,0,0,0,0,0,0,0
1625129034042,0,0,0,0,0,0,0
1625129034053,0,0,0,0,0,0,0
1625129034064,0,0,0,0,0,0,0
1625129034075,0,0,0,0,0,0,0
1625129034086,0,0,0,0,0,0,0
1625129034097,0,0,0,0,0,0,0
1625129034108,0,0,0,0,0,0,0
1625129034119,0,0,0,0,0,0,0
1625129034130,0,0,0,0,0,0,0
1625129034141,0,0,0,0,0,0,0
1625129034152,0,0,0,0,0,0,0
1625129034163,0,0,0,0,0,0,0
1625129034174,0,0,0,0,0,0,0
1625129034185,0,0,0,0,0,0,0
1625129034196,0,0,0,0,0,0,0
1625129034207,0,0,0,0,0,0,0
1625129034218,0,0,0,0,0,0,0
1625129034228,0,0,0,0,0,0,0
1625129034239,0,0,0,0,0,0,0
1625129034250,0,0,0,0,0,0,0
1625129034261,0,0,0,0,0,0,0
1625129034272,0,0,0,0,0,0,0
1625129034283,0,0,0,0,0,0,0
1625129034294,0,0,0,0,0,0,0
1625129034305,0,0,0,0,0,0,0
1625129034316,0,0,0,0,0,0,0
1625129034327,0,0,0,0,0,0,0
1625129034338,0,0,0,0,0,0,0
1625129034349,0,0,0,0,0,0,0
1625129034360,0,0,0,0,0,0,0
1625129034371,0,0,0,0,0,0,0
1625129034382,0,0,0,0,0,0,0
1625129034393,0,0,0,0,0,0,0
1625129034404,0,0,0,0,0,0,0
1625129034415,0,0,0,0,0,0,0
1625129034426,0,0,0,0,0,0,0
1625129034436,0,0,0,0,0,0,0
1625129034447,0,0,0,0,0,0,0
1625129034458,0,0,0,0,0,0,0
1625129034469,0,0,0,0,0,0,0
1625129034480,0,0,0,0,0,0,0
1625129034491,0,0,0,0,0,0,0
1625129034502,0,0,0,0,0,0,0
1625129034513,0,0,0,0,0,0,0
1625129034524,0,0,0,0,0,0,0
1625129034535,0,0,0,0,0,0,0
1625129034546,0,0,0,0,0,0,0
1625129034557,0,0,0,0,0,0,0
